{"columns":["Unnamed: 0","Territory","Citizenship","Year","UNEMP_ED_1","UNEMP_ED_3","% Unemployment","UNEMP_ED_2","ACT_ED_1","ACT_ED_3","% Activity","ACT_ED_2"],"index":[0,1,2,3,4,5,6,7,8,9,10,11,12,13,14,15,16,17,18,19,20,21,22,23,24,25,26,27,28,29,30,31,32,33,34,35,36,37,38,39,40,41,42,43,44,45,46,47,48,49],"data":[[0,"Centro (I)","foreign",2018,15.1556266667,10.8040806667,14.5,14.83671,70.9856176667,77.12419,73.6,75.7086023333],[1,"Centro (I)","foreign",2019,13.5684366667,11.434287,14.8,17.514611,70.6156053333,75.9370796667,73.5,76.7769583333],[2,"Centro (I)","foreign",2020,13.1537456667,8.6245346667,12.8,13.5420316667,66.39947,68.671068,68.0,70.1102273333],[3,"Centro (I)","foreign",2021,13.2418526667,18.1025996667,15.2,16.5862913333,66.4427883333,71.376057,69.6,73.098578],[4,"Centro (I)","foreign",2022,12.7239673333,12.505329,13.0,13.3771996667,68.1502976667,74.4440146667,70.8,72.9254463333],[5,"Centro (I)","italian",2018,11.3566053333,4.9868976667,8.7,9.3777203333,52.8891583333,83.546888,67.8,71.4185326667],[6,"Centro (I)","italian",2019,9.8270923333,5.1020606667,7.7,8.1931936667,52.1503296667,83.8690373333,67.6,71.0012063333],[7,"Centro (I)","italian",2020,10.372889,5.0247843333,7.6,7.821124,49.9915703333,82.418189,66.1,69.8527226667],[8,"Centro (I)","italian",2021,11.1007086667,4.150024,7.7,8.114135,50.522212,83.899395,66.8,70.3998426667],[9,"Centro (I)","italian",2022,8.462975,3.3699466667,6.1,6.5001673333,51.609045,83.9231593333,68.0,71.8288353333],[10,"Mezzogiorno","foreign",2018,15.5702743333,17.18999,16.0,16.9642626667,66.097724,71.544665,66.7,67.187872],[11,"Mezzogiorno","foreign",2019,16.924579,16.8367576667,17.5,19.2470726667,66.0553953333,65.841146,65.2,63.1781553333],[12,"Mezzogiorno","foreign",2020,19.0207086667,17.9504873333,18.9,18.68959,61.716367,55.0054056667,60.0,57.0036373333],[13,"Mezzogiorno","foreign",2021,20.9286536667,19.874336,20.8,20.727722,63.3204696667,58.843586,61.9,59.350414],[14,"Mezzogiorno","foreign",2022,19.0002056667,17.563798,19.0,19.2294233333,63.4423473333,60.2358213333,62.6,61.2642023333],[15,"Mezzogiorno","italian",2018,24.2157276667,11.0387613333,18.6,17.2542036667,41.577883,74.639067,53.2,59.8577023333],[16,"Mezzogiorno","italian",2019,23.1703303333,10.296681,17.7,16.6854883333,40.6427893333,75.0976466667,53.2,60.145473],[17,"Mezzogiorno","italian",2020,21.7806183333,9.218436,16.1,14.9017,38.8091786667,74.3719373333,51.1,57.0923976667],[18,"Mezzogiorno","italian",2021,21.7335783333,8.411085,16.2,15.629899,39.7036856667,75.4127636667,52.4,58.786052],[19,"Mezzogiorno","italian",2022,19.364638,6.8126866667,14.1,13.592164,40.3310413333,75.942163,53.2,59.4873106667],[20,"Nord","foreign",2018,14.4915306667,9.1374133333,13.1,12.7818686667,68.2897586667,76.686424,72.9,78.3954766667],[21,"Nord","foreign",2019,13.519575,10.391808,12.2,11.1922283333,68.2575176667,76.713407,72.9,78.4306843333],[22,"Nord","foreign",2020,12.1798546667,10.897149,12.0,12.1333236667,62.0809063333,71.332343,67.6,74.937094],[23,"Nord","foreign",2021,12.3675123333,11.0268516667,12.3,12.4957826667,64.7696596667,74.7216456667,70.2,76.2610926667],[24,"Nord","foreign",2022,10.4211016667,8.3872453333,9.8,9.4570036667,65.698128,76.511609,71.2,76.8648166667],[25,"Nord","italian",2018,7.66305,3.3359263333,5.6,5.5468326667,55.3209796667,86.1417963333,70.3,75.8637026667],[26,"Nord","italian",2019,7.54857,3.097107,5.2,4.8818663333,55.7087483333,85.9102803333,70.7,76.024817],[27,"Nord","italian",2020,6.9548536667,3.2240073333,5.1,5.1201056667,53.970334,84.2716346667,68.9,73.9216946667],[28,"Nord","italian",2021,7.227654,2.975011,5.1,4.995005,54.1633176667,85.5536056667,69.2,74.0619716667],[29,"Nord","italian",2022,6.3885683333,2.391241,4.4,4.2544523333,54.8495886667,86.3074076667,70.3,75.3555816667],[30,"Nord-est","foreign",2018,15.381984,9.8198673333,13.5,12.6192943333,67.4738343333,76.487557,73.4,79.7087336667],[31,"Nord-est","foreign",2019,14.406747,10.068177,12.5,11.210479,67.704574,76.943319,73.7,79.9387513333],[32,"Nord-est","foreign",2020,12.0205176667,11.9871813333,11.9,11.7546283333,62.6881613333,75.4370663333,70.3,77.8750763333],[33,"Nord-est","foreign",2021,11.0211236667,9.3343876667,10.5,10.3157896667,63.9131953333,77.0367173333,71.1,77.8825676667],[34,"Nord-est","foreign",2022,10.0301823333,6.2084076667,8.8,8.4713543333,65.1977426667,78.2762606667,71.9,77.516503],[35,"Nord-est","italian",2018,6.6784133333,3.139968,4.9,4.849491,55.5568456667,85.724218,70.8,76.6567903333],[36,"Nord-est","italian",2019,6.202183,3.2483606667,4.5,4.127024,55.2958213333,85.4362133333,71.3,77.4475673333],[37,"Nord-est","italian",2020,6.316249,3.2606836667,4.9,4.9271956667,54.4456126667,83.7404326667,69.6,74.9225986667],[38,"Nord-est","italian",2021,6.39721,2.7773066667,4.5,4.4362896667,54.174218,85.298496,69.5,74.4100236667],[39,"Nord-est","italian",2022,5.598281,2.2091576667,3.8,3.730644,55.003484,86.23249,70.7,76.0748916667],[40,"Nord-ovest","foreign",2018,13.94255,8.6572543333,12.9,12.920238,68.8026613333,76.8274903333,72.6,77.3133173333],[41,"Nord-ovest","foreign",2019,12.9746003333,10.642936,12.1,11.1757506667,68.6017093333,76.536952,72.3,77.1092073333],[42,"Nord-ovest","foreign",2020,12.2773526667,9.9287196667,12.1,12.508222,61.7162063333,68.043631,65.7,72.2396566667],[43,"Nord-ovest","foreign",2021,13.2247126667,12.4710106667,13.6,14.408137,65.327416,72.853186,69.5,74.8935856667],[44,"Nord-ovest","foreign",2022,10.6729363333,10.163093,10.5,10.377461,66.026004,75.1318963333,70.7,76.266436],[45,"Nord-ovest","italian",2018,8.359876,3.4741703333,6.1,6.0883586667,55.1566996667,86.4393203333,70.0,75.2604966667],[46,"Nord-ovest","italian",2019,8.4793926667,2.9877563333,5.7,5.4687883333,55.9986083333,86.2566926667,70.3,74.9550113333],[47,"Nord-ovest","italian",2020,7.4081536667,3.1971976667,5.3,5.2682043333,53.6400383333,84.664571,68.4,73.171798],[48,"Nord-ovest","italian",2021,7.8058013333,3.1203913333,5.5,5.419123,54.156985,85.7423486667,69.0,73.8004693333],[49,"Nord-ovest","italian",2022,6.9459236667,2.522901,4.7,4.6533653333,54.7419213333,86.3619403333,69.9,74.8170903333]]}